,src smi,cano src smi,opt smi 1,opt smi 2,opt smi 3,opt smi 4,opt smi 5,opt smi 6,opt smi 7,opt smi 8,opt smi 9,opt smi 10,opt smi 11,opt smi 12,opt smi 13,opt smi 14,opt smi 15,opt smi 16,opt smi 17,opt smi 18,opt smi 19,opt smi 20,group,task name,retain_subs,src pred ESOL,opt smi 1 pred ESOL,opt smi 2 pred ESOL,opt smi 3 pred ESOL,opt smi 4 pred ESOL,opt smi 5 pred ESOL,opt smi 6 pred ESOL,opt smi 7 pred ESOL,opt smi 8 pred ESOL,opt smi 9 pred ESOL,opt smi 10 pred ESOL,opt smi 11 pred ESOL,opt smi 12 pred ESOL,opt smi 13 pred ESOL,opt smi 14 pred ESOL,opt smi 15 pred ESOL,opt smi 16 pred ESOL,opt smi 17 pred ESOL,opt smi 18 pred ESOL,opt smi 19 pred ESOL,opt smi 20 pred ESOL,src pred Mutagenicity,opt smi 1 pred Mutagenicity,opt smi 2 pred Mutagenicity,opt smi 3 pred Mutagenicity,opt smi 4 pred Mutagenicity,opt smi 5 pred Mutagenicity,opt smi 6 pred Mutagenicity,opt smi 7 pred Mutagenicity,opt smi 8 pred Mutagenicity,opt smi 9 pred Mutagenicity,opt smi 10 pred Mutagenicity,opt smi 11 pred Mutagenicity,opt smi 12 pred Mutagenicity,opt smi 13 pred Mutagenicity,opt smi 14 pred Mutagenicity,opt smi 15 pred Mutagenicity,opt smi 16 pred Mutagenicity,opt smi 17 pred Mutagenicity,opt smi 18 pred Mutagenicity,opt smi 19 pred Mutagenicity,opt smi 20 pred Mutagenicity,src pred hERG,opt smi 1 pred hERG,opt smi 2 pred hERG,opt smi 3 pred hERG,opt smi 4 pred hERG,opt smi 5 pred hERG,opt smi 6 pred hERG,opt smi 7 pred hERG,opt smi 8 pred hERG,opt smi 9 pred hERG,opt smi 10 pred hERG,opt smi 11 pred hERG,opt smi 12 pred hERG,opt smi 13 pred hERG,opt smi 14 pred hERG,opt smi 15 pred hERG,opt smi 16 pred hERG,opt smi 17 pred hERG,opt smi 18 pred hERG,opt smi 19 pred hERG,opt smi 20 pred hERG,src pred BBBP,opt smi 1 pred BBBP,opt smi 2 pred BBBP,opt smi 3 pred BBBP,opt smi 4 pred BBBP,opt smi 5 pred BBBP,opt smi 6 pred BBBP,opt smi 7 pred BBBP,opt smi 8 pred BBBP,opt smi 9 pred BBBP,opt smi 10 pred BBBP,opt smi 11 pred BBBP,opt smi 12 pred BBBP,opt smi 13 pred BBBP,opt smi 14 pred BBBP,opt smi 15 pred BBBP,opt smi 16 pred BBBP,opt smi 17 pred BBBP,opt smi 18 pred BBBP,opt smi 19 pred BBBP,opt smi 20 pred BBBP,src pred lipop,opt smi 1 pred lipop,opt smi 2 pred lipop,opt smi 3 pred lipop,opt smi 4 pred lipop,opt smi 5 pred lipop,opt smi 6 pred lipop,opt smi 7 pred lipop,opt smi 8 pred lipop,opt smi 9 pred lipop,opt smi 10 pred lipop,opt smi 11 pred lipop,opt smi 12 pred lipop,opt smi 13 pred lipop,opt smi 14 pred lipop,opt smi 15 pred lipop,opt smi 16 pred lipop,opt smi 17 pred lipop,opt smi 18 pred lipop,opt smi 19 pred lipop,opt smi 20 pred lipop
0,[NH2:1]c1ccc2nc(Cc3ccc(Oc4ccccc4)cc3)[nH]c2c1,Nc1ccc2nc(Cc3ccc(Oc4ccccc4)cc3)[nH]c2c1,c1ccc(Oc2ccc(Cc3nc4ccc([S:1]([NH2:1])(=[O:1])=[O:1])cc4[nH]3)cc2)cc1,c1ccc(Oc2ccc(Cc3nc4ccc([C:1](=[O:1])[OH:1])cc4[nH]3)cc2)cc1,c1ccc(Oc2ccc(Cc3nc4ccc([S:1]([CH3:1])(=[O:1])=[O:1])cc4[nH]3)cc2)cc1,c1ccc(Oc2ccc(Cc3nc4ccc([C:1](=[O:1])[NH:1][CH3:1])cc4[nH]3)cc2)cc1,c1ccc(Oc2ccc(Cc3nc4ccc([S:1](=[O:1])(=[O:1])[OH:1])cc4[nH]3)cc2)cc1,c1ccc(Oc2ccc(Cc3nc4ccc([OH:1])cc4[nH]3)cc2)cc1,c1ccc(Oc2ccc(Cc3nc4ccc([N:1]5[CH2:1][CH2:1][CH2:1][C@H:1]5[CH3:1])cc4[nH]3)cc2)cc1,c1ccc(Oc2ccc(Cc3nc4ccc([C:1]([NH2:1])=[O:1])cc4[nH]3)cc2)cc1,c1ccc(Oc2ccc(Cc3nc4ccc([CH2:1][C:1](=[O:1])[OH:1])cc4[nH]3)cc2)cc1,c1ccc(Oc2ccc(Cc3nc4ccc([C:1](=[O:1])[NH:1][OH:1])cc4[nH]3)cc2)cc1,c1ccc(Oc2ccc(Cc3nc4ccc([N+:1](=[O:1])[O-:1])cc4[nH]3)cc2)cc1,c1ccc(Oc2ccc(Cc3nc4ccc([C:1](=[O:1])[N:1]([CH3:1])[CH3:1])cc4[nH]3)cc2)cc1,c1ccc(Oc2ccc(Cc3nc4ccc([N:1]([CH3:1])[CH3:1])cc4[nH]3)cc2)cc1,c1ccc(Oc2ccc(Cc3nc4ccc([Cl:1])cc4[nH]3)cc2)cc1,c1ccc(Oc2ccc(Cc3nc4ccc([NH:1][C:1]([CH3:1])=[O:1])cc4[nH]3)cc2)cc1,c1ccc(Oc2ccc(Cc3nc4ccc([C:1]([CH3:1])=[O:1])cc4[nH]3)cc2)cc1,c1ccc(Oc2ccc(Cc3nc4ccc([O:1][CH3:1])cc4[nH]3)cc2)cc1,c1ccc(Oc2ccc(Cc3nc4ccc([CH2:1][CH2:1][N:1]5[CH2:1][CH2:1][CH2:1][C@H:1]5[CH3:1])cc4[nH]3)cc2)cc1,c1ccc(Oc2ccc(Cc3nc4ccc([CH:1]([CH3:1])[C:1](=[O:1])[OH:1])cc4[nH]3)cc2)cc1,c1ccc(Oc2ccc(Cc3nc4ccc([C:1](=[NH:1])[NH2:1])cc4[nH]3)cc2)cc1,test,hERG,c1ccc(Oc2ccc(Cc3nc4ccc([*:1])cc4[nH]3)cc2)cc1,-5.114617347717285,-4.4104204177856445,-4.6738409996032715,-4.841855049133301,-5.436056613922119,-4.111071586608887,-4.395957946777344,-6.441267490386963,-5.193386554718018,-4.385849952697754,-4.404693603515625,-6.101853370666504,-5.647117614746094,-5.796885967254639,-6.526467800140381,-5.453228950500488,-5.58556604385376,-6.136046409606934,-7.111349582672119,-4.534111976623535,-4.614963531494141,0.9588167071342468,0.1811809092760086,0.08237732946872711,0.3042526841163635,0.5975924730300903,0.039171718060970306,0.5363238453865051,0.5979400873184204,0.47186022996902466,0.15217669308185577,0.7772558927536011,0.8247959017753601,0.49576741456985474,0.7892402410507202,0.6588141322135925,0.7878726720809937,0.4690522253513336,0.7470072507858276,0.5577289462089539,0.13010933995246887,0.343384325504303,0.7301097512245178,0.4097084403038025,0.0876028910279274,0.7968071103096008,0.3532053530216217,0.35912227630615234,0.5722147226333618,0.8391631841659546,0.5821352601051331,0.09232622385025024,0.22313018143177032,0.5440349578857422,0.22116903960704803,0.6054960489273071,0.612414538860321,0.26830828189849854,0.4517337679862976,0.725950300693512,0.847859263420105,0.09844382107257843,0.7317427396774292,0.14299681782722473,0.15010130405426025,0.09987317770719528,0.1416153609752655,0.2030477523803711,0.16523440182209015,0.1138305813074112,0.20672102272510529,0.28355059027671814,0.07638676464557648,0.19229787588119507,0.3967316746711731,0.4080953598022461,0.1543554663658142,0.14908519387245178,0.14433351159095764,0.19278942048549652,0.11912639439105988,0.2682268023490906,0.08905505388975143,0.23308467864990234,3.4228508472442627,3.0774760246276855,1.466139554977417,3.4212143421173096,3.4920990467071533,3.269773483276367,3.819937229156494,3.928138017654419,3.2570061683654785,1.6854057312011719,3.1270546913146973,3.842742443084717,3.4583828449249268,3.713942766189575,3.9798073768615723,3.6187052726745605,3.775585174560547,3.8685367107391357,3.5841803550720215,1.8500887155532837,1.08853018283844
1,COC(=O)C(CC[CH2:1]N(C)CCCc2nc1ccccc1[nH]2)(c3ccc(Br)cc3)C(C)C,COC(=O)C(CCCN(C)CCCc1nc2ccccc2[nH]1)(c1ccc(Br)cc1)C(C)C,COC(=O)C(CC[NH:1]N(C)CCCc1nc2ccccc2[nH]1)(c1ccc(Br)cc1)C(C)C,COC(=O)C(CC[C:1](N(C)CCCc1nc2ccccc2[nH]1)=[O:1])(c1ccc(Br)cc1)C(C)C,COC(=O)C(CC[NH:1][C:1](N(C)CCCc1nc2ccccc2[nH]1)=[O:1])(c1ccc(Br)cc1)C(C)C,COC(=O)C(CC[O:1]N(C)CCCc1nc2ccccc2[nH]1)(c1ccc(Br)cc1)C(C)C,COC(=O)C(CC[N:1](N(C)CCCc1nc2ccccc2[nH]1)[CH3:1])(c1ccc(Br)cc1)C(C)C,COC(=O)C(CC[NH:1][CH2:1]N(C)CCCc1nc2ccccc2[nH]1)(c1ccc(Br)cc1)C(C)C,COC(=O)C(CC[NH:1][C:1](=[O:1])[NH:1]N(C)CCCc1nc2ccccc2[nH]1)(c1ccc(Br)cc1)C(C)C,COC(=O)C(CC[NH:1][NH:1]N(C)CCCc1nc2ccccc2[nH]1)(c1ccc(Br)cc1)C(C)C,COC(=O)C(CC[O:1][CH2:1]N(C)CCCc1nc2ccccc2[nH]1)(c1ccc(Br)cc1)C(C)C,COC(=O)C(CC[CH2:1][CH:1]([OH:1])[CH2:1]N(C)CCCc1nc2ccccc2[nH]1)(c1ccc(Br)cc1)C(C)C,COC(=O)C(CC[CH2:1][CH2:1]N(C)CCCc1nc2ccccc2[nH]1)(c1ccc(Br)cc1)C(C)C,COC(=O)C(CC[CH:1](N(C)CCCc1nc2ccccc2[nH]1)[OH:1])(c1ccc(Br)cc1)C(C)C,COC(=O)C(CC[O:1][NH:1]N(C)CCCc1nc2ccccc2[nH]1)(c1ccc(Br)cc1)C(C)C,COC(=O)C(CC[S:1]N(C)CCCc1nc2ccccc2[nH]1)(c1ccc(Br)cc1)C(C)C,COC(=O)C(CC[CH2:1][CH:1](N(C)CCCc1nc2ccccc2[nH]1)[OH:1])(c1ccc(Br)cc1)C(C)C,COC(=O)C(CC[CH2:1][O:1][CH2:1]N(C)CCCc1nc2ccccc2[nH]1)(c1ccc(Br)cc1)C(C)C,COC(=O)C(CC[CH2:1][C:1](N(C)CCCc1nc2ccccc2[nH]1)=[O:1])(c1ccc(Br)cc1)C(C)C,COC(=O)C(CC[NH:1][C:1](=[O:1])[O:1]N(C)CCCc1nc2ccccc2[nH]1)(c1ccc(Br)cc1)C(C)C,COC(=O)C(CC[N:1](N(C)CCCc1nc2ccccc2[nH]1)[CH:1]=[O:1])(c1ccc(Br)cc1)C(C)C,COC(=O)C(CC[NH:1][CH:1](N(C)CCCc1nc2ccccc2[nH]1)[OH:1])(c1ccc(Br)cc1)C(C)C,test,hERG,CN(CCCc1nc2ccccc2[nH]1)[*:2].COC(=O)C(CC[*:1])(c1ccc(Br)cc1)C(C)C,-6.180113792419434,-5.294649600982666,-5.509250640869141,-5.5894551277160645,-5.836691856384277,-5.825837135314941,-5.682682514190674,-5.0892486572265625,-4.770996570587158,-5.923757553100586,-5.4649882316589355,-6.33742618560791,-5.190162181854248,-5.354147911071777,-6.548245429992676,-5.366555213928223,-6.092578887939453,-5.66784143447876,-5.684298038482666,-5.419587135314941,-4.868359565734863,0.00977844838052988,0.01680099405348301,0.008706210181117058,0.012486698105931282,0.06354687362909317,0.018901968374848366,0.014438209123909473,0.02826182171702385,0.07586842775344849,0.021079454571008682,0.01277113426476717,0.009351667016744614,0.01617380417883396,0.20780368149280548,0.013753071427345276,0.015258816070854664,0.017963657155632973,0.008303086273372173,0.031502556055784225,0.024497130885720253,0.022598136216402054,0.9738311767578125,0.8737920522689819,0.7804133892059326,0.7194958925247192,0.8192920684814453,0.9484782218933105,0.8852155804634094,0.6639819741249084,0.7577580213546753,0.7577415108680725,0.9478706121444702,0.9791107177734375,0.904740035533905,0.7086853384971619,0.8796864748001099,0.9131320714950562,0.7824498414993286,0.8372551798820496,0.9104498624801636,0.8145086169242859,0.8001435399055481,0.8873870968818665,0.9038383364677429,0.9396116137504578,0.9291470646858215,0.8602294921875,0.8972399830818176,0.9186538457870483,0.7276615500450134,0.8915449976921082,0.8756914138793945,0.9229923486709595,0.897805392742157,0.9042798280715942,0.8913896679878235,0.900017261505127,0.9180881381034851,0.8895086050033569,0.944362461566925,0.8904411196708679,0.9094349145889282,0.8567628860473633,3.3610472679138184,2.7398176193237305,3.6261754035949707,3.6974563598632812,3.565896987915039,3.2801296710968018,1.965749740600586,3.1509149074554443,2.6320316791534424,3.4515159130096436,3.1821062564849854,3.4469032287597656,3.1955864429473877,3.3162035942077637,3.7016892433166504,3.3309967517852783,3.5100817680358887,3.6745543479919434,3.40299654006958,3.1469480991363525,2.6405835151672363
2,[CH3:1]C(C)(C)c4ccc(C(O)CCCN3CCC(C(O)(c1ccccc1)c2ccccc2)CC3)cc4,CC(C)(C)c1ccc(C(O)CCCN2CCC(C(O)(c3ccccc3)c3ccccc3)CC2)cc1,CC(C)(c1ccc(C(O)CCCN2CCC(C(O)(c3ccccc3)c3ccccc3)CC2)cc1)[C:1](=[O:1])[OH:1],CC(C)(c1ccc(C(O)CCCN2CCC(C(O)(c3ccccc3)c3ccccc3)CC2)cc1)[OH:1],CC(C)(c1ccc(C(O)CCCN2CCC(C(O)(c3ccccc3)c3ccccc3)CC2)cc1)[CH2:1][C:1](=[O:1])[OH:1],CC(C)(c1ccc(C(O)CCCN2CCC(C(O)(c3ccccc3)c3ccccc3)CC2)cc1)[C:1]([NH2:1])=[O:1],CC(C)(c1ccc(C(O)CCCN2CCC(C(O)(c3ccccc3)c3ccccc3)CC2)cc1)[NH2:1],CC(C)(c1ccc(C(O)CCCN2CCC(C(O)(c3ccccc3)c3ccccc3)CC2)cc1)[C:1](=[O:1])[NH:1][OH:1],CC(C)(c1ccc(C(O)CCCN2CCC(C(O)(c3ccccc3)c3ccccc3)CC2)cc1)[C:1]([CH3:1])=[O:1],CC(C)(c1ccc(C(O)CCCN2CCC(C(O)(c3ccccc3)c3ccccc3)CC2)cc1)[C:1](=[O:1])[O-:1],CC(C)(c1ccc(C(O)CCCN2CCC(C(O)(c3ccccc3)c3ccccc3)CC2)cc1)[CH2:1][OH:1],CC(C)(c1ccc(C(O)CCCN2CCC(C(O)(c3ccccc3)c3ccccc3)CC2)cc1)[O:1][CH3:1],CC(C)(c1ccc(C(O)CCCN2CCC(C(O)(c3ccccc3)c3ccccc3)CC2)cc1)[N+:1](=[O:1])[O-:1],CC(C)(c1ccc(C(O)CCCN2CCC(C(O)(c3ccccc3)c3ccccc3)CC2)cc1)[Br:1],CC(C)(c1ccc(C(O)CCCN2CCC(C(O)(c3ccccc3)c3ccccc3)CC2)cc1)[CH2:1][CH3:1],CC(C)(c1ccc(C(O)CCCN2CCC(C(O)(c3ccccc3)c3ccccc3)CC2)cc1)[CH2:1][CH2:1][OH:1],CC(C)(c1ccc(C(O)CCCN2CCC(C(O)(c3ccccc3)c3ccccc3)CC2)cc1)[O:1][C:1]([CH3:1])=[O:1],CC(C)(c1ccc(C(O)CCCN2CCC(C(O)(c3ccccc3)c3ccccc3)CC2)cc1)[NH:1][C:1]([CH3:1])=[O:1],CC(C)(c1ccc(C(O)CCCN2CCC(C(O)(c3ccccc3)c3ccccc3)CC2)cc1)[N:1]([CH3:1])[CH3:1],CC(C)(c1ccc(C(O)CCCN2CCC(C(O)(c3ccccc3)c3ccccc3)CC2)cc1)[C:1](=[O:1])[O:1][CH3:1],CC(C)(c1ccc(C(O)CCCN2CCC(C(O)(c3ccccc3)c3ccccc3)CC2)cc1)[CH2:1][C:1](=[O:1])[O-:1],CC(C)(c1ccc(C(O)CCCN2CCC(C(O)(c3ccccc3)c3ccccc3)CC2)cc1)[C:1](=[O:1])[CH2:1][OH:1],test,hERG,CC(C)(c1ccc(C(O)CCCN2CCC(C(O)(c3ccccc3)c3ccccc3)CC2)cc1)[*:1],-6.155287742614746,-5.059584617614746,-5.032208442687988,-5.128905773162842,-5.302921772003174,-5.596482276916504,-4.819396018981934,-5.415335178375244,-5.7415571212768555,-5.433668613433838,-5.721201419830322,-5.81026554107666,-6.207947731018066,-6.415473937988281,-5.610407829284668,-5.68265438079834,-5.281281471252441,-5.992842197418213,-5.734224796295166,-5.860955238342285,-4.864338397979736,0.0006357050151564181,0.0018263880629092455,0.0010549027938395739,0.0014923758571967483,0.0016699327388778329,0.0008776477770879865,0.06449256092309952,0.0008301814086735249,0.0015175470616668463,0.0011647928040474653,0.0019263746216893196,0.0017907328438013792,0.0028680283576250076,0.000582293258048594,0.0009550893446430564,0.0017044683918356895,0.00147918239235878,0.0009304272243753076,0.001678270986303687,0.00131600396707654,0.002917715348303318,0.9905087351799011,0.19171765446662903,0.9699739217758179,0.4473736882209778,0.7662285566329956,0.955395519733429,0.5983231663703918,0.976517379283905,0.6209245920181274,0.9658808708190918,0.9890165328979492,0.8851189613342285,0.9764918088912964,0.9905362129211426,0.9644613265991211,0.9660407900810242,0.7543808817863464,0.9836562275886536,0.9611802101135254,0.7984241843223572,0.9059351086616516,0.33371156454086304,0.0946543961763382,0.21375183761119843,0.10882840305566788,0.42590197920799255,0.331416517496109,0.2257402390241623,0.4555417001247406,0.24832597374916077,0.18947869539260864,0.37759995460510254,0.26303812861442566,0.5751397609710693,0.38334861397743225,0.2080857753753662,0.2950497269630432,0.3494047522544861,0.4703122079372406,0.30971500277519226,0.320869505405426,0.20699270069599152,3.7417609691619873,0.6411091089248657,2.563054084777832,1.1585280895233154,2.180518388748169,1.2227083444595337,2.1516880989074707,3.0752809047698975,2.9109339714050293,3.099102258682251,3.412581205368042,2.5598042011260986,3.7193069458007812,3.792330265045166,3.1760778427124023,3.3406167030334473,2.4791769981384277,2.4189565181732178,3.2882015705108643,3.067399501800537,2.6796929836273193
3,CCN(C(=O)Cc1ccc(S(C)(=O)=O)cc1)C4CCN(CC[C@H]([c:1]2[cH:1][cH:1][c:1](S(C)(=O)=O)[cH:1][cH:1]2)c3cc(F)cc(F)c3)CC4,CCN(C(=O)Cc1ccc(S(C)(=O)=O)cc1)C1CCN(CC[C@H](c2ccc(S(C)(=O)=O)cc2)c2cc(F)cc(F)c2)CC1,CCN(C(=O)Cc1ccc(S(C)(=O)=O)cc1)C1CCN(CC[C@@H](c2cc(F)cc(F)c2)[C:1](S(C)(=O)=O)=[O:1])CC1,CCN(C(=O)Cc1ccc(S(C)(=O)=O)cc1)C1CCN(CC[C@@H](c2cc(F)cc(F)c2)[CH:1]2[O:1][CH:1]2S(C)(=O)=O)CC1,CCN(C(=O)Cc1ccc(S(C)(=O)=O)cc1)C1CCN(CC[C@@H](c2cc(F)cc(F)c2)[c:1]2[cH:1][cH:1][cH:1][cH:1][c:1]2S(C)(=O)=O)CC1,CCN(C(=O)Cc1ccc(S(C)(=O)=O)cc1)C1CCN(CC[C@@H](c2cc(F)cc(F)c2)[C:1](=[O:1])[CH2:1]S(C)(=O)=O)CC1,CCN(C(=O)Cc1ccc(S(C)(=O)=O)cc1)C1CCN(CC[C@@H](c2cc(F)cc(F)c2)[C:1](=[O:1])[O:1]S(C)(=O)=O)CC1,CCN(C(=O)Cc1ccc(S(C)(=O)=O)cc1)C1CCN(CC[C@@H](c2cc(F)cc(F)c2)[NH:1]S(C)(=O)=O)CC1,CCN(C(=O)Cc1ccc(S(C)(=O)=O)cc1)C1CCN(CC[C@@H](c2cc(F)cc(F)c2)[c:1]2[cH:1][n:1][cH:1][c:1](S(C)(=O)=O)[cH:1]2)CC1,CCN(C(=O)Cc1ccc(S(C)(=O)=O)cc1)C1CCN(CC[C@@H](c2cc(F)cc(F)c2)[O:1]S(C)(=O)=O)CC1,CCN(C(=O)Cc1ccc(S(C)(=O)=O)cc1)C1CCN(CC[C@@H](c2cc(F)cc(F)c2)[c:1]2[cH:1][n:1][nH:1][c:1]2S(C)(=O)=O)CC1,CCN(C(=O)Cc1ccc(S(C)(=O)=O)cc1)C1CCN(CC[C@@H](c2cc(F)cc(F)c2)[c:1]2[cH:1][cH:1][cH:1][c:1](S(C)(=O)=O)[cH:1]2)CC1,CCN(C(=O)Cc1ccc(S(C)(=O)=O)cc1)C1CCN(CC[C@@H](c2cc(F)cc(F)c2)[C:1](=[O:1])[NH:1]S(C)(=O)=O)CC1,CCN(C(=O)Cc1ccc(S(C)(=O)=O)cc1)C1CCN(CC[C@@H](c2cc(F)cc(F)c2)[CH2:1][CH:1]([OH:1])[CH2:1]S(C)(=O)=O)CC1,CCN(C(=O)Cc1ccc(S(C)(=O)=O)cc1)C1CCN(CC[C@@H](c2cc(F)cc(F)c2)[c:1]2[n:1][n:1][c:1](S(C)(=O)=O)[o:1]2)CC1,CCN(C(=O)Cc1ccc(S(C)(=O)=O)cc1)C1CCN(CC[C@@H](c2cc(F)cc(F)c2)[CH:1]2[CH2:1][CH2:1][N:1](S(C)(=O)=O)[CH2:1][CH2:1]2)CC1,CCN(C(=O)Cc1ccc(S(C)(=O)=O)cc1)C1CCN(CC[C@@H](c2cc(F)cc(F)c2)[CH2:1]S(C)(=O)=O)CC1,CCN(C(=O)Cc1ccc(S(C)(=O)=O)cc1)C1CCN(CC[C@@H](c2cc(F)cc(F)c2)[CH2:1][CH2:1]S(C)(=O)=O)CC1,CCN(C(=O)Cc1ccc(S(C)(=O)=O)cc1)C1CCN(CC[C@@H](c2cc(F)cc(F)c2)[c:1]2[cH:1][cH:1][c:1](S(C)(=O)=O)[n:1][n:1]2)CC1,CCN(C(=O)Cc1ccc(S(C)(=O)=O)cc1)C1CCN(CC[C@@H](c2cc(F)cc(F)c2)[c:1]2[n:1][cH:1][cH:1][c:1](S(C)(=O)=O)[n:1]2)CC1,CCN(C(=O)Cc1ccc(S(C)(=O)=O)cc1)C1CCN(CC[C@@H](c2cc(F)cc(F)c2)[c:1]2[cH:1][cH:1][c:1](S(C)(=O)=O)[n:1][cH:1]2)CC1,CCN(C(=O)Cc1ccc(S(C)(=O)=O)cc1)C1CCN(CC[C@@H](c2cc(F)cc(F)c2)[O:1][P:1](=[O:1])([O-:1])[O:1]S(C)(=O)=O)CC1,test,hERG,CCN(C(=O)Cc1ccc(S(C)(=O)=O)cc1)C1CCN(CC[C@H](c2cc(F)cc(F)c2)[*:2])CC1.CS(=O)(=O)[*:1],-5.8468523025512695,-4.47517204284668,-4.882850170135498,-5.681342124938965,-4.5002264976501465,-4.650135040283203,-4.565300941467285,-5.066306114196777,-4.725226402282715,-4.660324573516846,-5.870804786682129,-4.412702560424805,-4.487069129943848,-4.541051387786865,-5.549354553222656,-4.912859916687012,-5.050150394439697,-4.755552291870117,-4.5899786949157715,-5.117445945739746,-4.308313369750977,0.023087168112397194,0.04620543122291565,0.043403394520282745,0.04060184583067894,0.04725822061300278,0.037391360849142075,0.03560807183384895,0.0209285207092762,0.17723770439624786,0.02394275739789009,0.02463769167661667,0.02639790251851082,0.032979585230350494,0.015632983297109604,0.07494866102933884,0.03434181585907936,0.03279632329940796,0.01464034616947174,0.017983194440603256,0.020969673991203308,0.38639533519744873,0.8926053047180176,0.2745669186115265,0.7689710855484009,0.894382655620575,0.2492406666278839,0.4118669033050537,0.6674858927726746,0.7577656507492065,0.7093545794487,0.6260905265808105,0.8884197473526001,0.10541067272424698,0.7350702881813049,0.514559805393219,0.5796716809272766,0.7447074055671692,0.7230879068374634,0.7038785815238953,0.6790695786476135,0.7673313021659851,0.5743467807769775,0.8928607106208801,0.8834049105644226,0.9715447425842285,0.9326624870300293,0.9156259298324585,0.8463808298110962,0.8206816911697388,0.8786052465438843,0.9609060287475586,0.7920538187026978,0.9060366749763489,0.769270658493042,0.8721057772636414,0.6006618738174438,0.9696340560913086,0.9667350649833679,0.9678473472595215,0.790535032749176,0.7185669541358948,0.8277241587638855,0.9534415006637573,2.2659506797790527,1.3712387084960938,1.7168105840682983,2.274970531463623,1.392763376235962,1.3511863946914673,1.5180749893188477,2.001312494277954,1.786468744277954,1.6396076679229736,2.306626796722412,0.4336043894290924,1.381433129310608,1.3989309072494507,2.0585572719573975,1.787838339805603,1.8013023138046265,1.6712865829467773,1.5707485675811768,1.9850362539291382,1.097717046737671
4,[N:1]#[C:1]c3c(N2CCC(c1ccccc1)CC2)ccn4c(CC(F)(F)F)nnc34,N#Cc1c(N2CCC(c3ccccc3)CC2)ccn2c(CC(F)(F)F)nnc12,FC(F)(F)Cc1nnc2c([C:1]([F:1])([F:1])[F:1])c(N3CCC(c4ccccc4)CC3)ccn12,FC(F)(F)Cc1nnc2c([F:1])c(N3CCC(c4ccccc4)CC3)ccn12,FC(F)(F)Cc1nnc2c([OH:1])c(N3CCC(c4ccccc4)CC3)ccn12,FC(F)(F)Cc1nnc2c([O:1][CH3:1])c(N3CCC(c4ccccc4)CC3)ccn12,FC(F)(F)Cc1nnc2c([CH3:1])c(N3CCC(c4ccccc4)CC3)ccn12,FC(F)(F)Cc1nnc2c([Cl:1])c(N3CCC(c4ccccc4)CC3)ccn12,FC(F)(F)Cc1nnc2c([N+:1](=[O:1])[O-:1])c(N3CCC(c4ccccc4)CC3)ccn12,FC(F)(F)Cc1nnc2c([O:1][CH2:1][CH3:1])c(N3CCC(c4ccccc4)CC3)ccn12,FC(F)(F)Cc1nnc2c([CH2:1][CH3:1])c(N3CCC(c4ccccc4)CC3)ccn12,FC(F)(F)Cc1nnc2c([CH2:1][O:1][CH3:1])c(N3CCC(c4ccccc4)CC3)ccn12,FC(F)(F)Cc1nnc2c([Br:1])c(N3CCC(c4ccccc4)CC3)ccn12,FC(F)(F)Cc1nnc2c([C:1]([CH3:1])=[O:1])c(N3CCC(c4ccccc4)CC3)ccn12,FC(F)(F)Cc1nnc2c([O:1][C:1]([CH3:1])=[O:1])c(N3CCC(c4ccccc4)CC3)ccn12,FC(F)(F)Cc1nnc2c([CH2:1][OH:1])c(N3CCC(c4ccccc4)CC3)ccn12,FC(F)(F)Cc1nnc2c([CH2:1][CH:1]([CH3:1])[CH3:1])c(N3CCC(c4ccccc4)CC3)ccn12,FC(F)(F)Cc1nnc2c([NH2:1])c(N3CCC(c4ccccc4)CC3)ccn12,FC(F)(F)Cc1nnc2c([C:1](=[O:1])[O:1][CH3:1])c(N3CCC(c4ccccc4)CC3)ccn12,FC(F)(F)Cc1nnc2c([N:1]3[CH2:1][CH2:1][O:1][CH2:1][CH2:1]3)c(N3CCC(c4ccccc4)CC3)ccn12,FC(F)(F)Cc1nnc2c([S:1][C:1]([CH3:1])=[O:1])c(N3CCC(c4ccccc4)CC3)ccn12,FC(F)(F)Cc1nnc2c([C:1]([NH2:1])=[O:1])c(N3CCC(c4ccccc4)CC3)ccn12,test,BBBP,FC(F)(F)Cc1nnc2c([*:1])c(N3CCC(c4ccccc4)CC3)ccn12,-4.957008361816406,-5.378242015838623,-5.021567344665527,-3.797097682952881,-4.497729778289795,-4.716375350952148,-5.194930076599121,-5.129223823547363,-4.822770118713379,-5.015523910522461,-4.622427940368652,-5.29205846786499,-4.45526123046875,-4.5220537185668945,-4.04624080657959,-5.495630741119385,-4.264829158782959,-4.755917549133301,-4.913813591003418,-4.781065940856934,-4.379149913787842,0.4050685465335846,0.07766507565975189,0.23691794276237488,0.27390965819358826,0.23730580508708954,0.1791437864303589,0.19929130375385284,0.9453922510147095,0.20708683133125305,0.26495596766471863,0.29251986742019653,0.21187245845794678,0.32005932927131653,0.20917001366615295,0.32701143622398376,0.10767775774002075,0.5593032836914062,0.15660056471824646,0.20151400566101074,0.10329438745975494,0.31181782484054565,0.6849439740180969,0.5009700655937195,0.6044723391532898,0.40456423163414,0.7334854006767273,0.6259745955467224,0.6150715351104736,0.20512016117572784,0.7495415210723877,0.6904237866401672,0.5543908476829529,0.5950278043746948,0.5024508237838745,0.4952812194824219,0.3465172052383423,0.6422374844551086,0.45617514848709106,0.5680004954338074,0.7570904493331909,0.4742322564125061,0.41978806257247925,0.9835578203201294,0.9835527539253235,0.984717845916748,0.9498676061630249,0.9849273562431335,0.9839935302734375,0.982803225517273,0.9840278625488281,0.9846237897872925,0.9843441247940063,0.9842668771743774,0.9852716326713562,0.9827030897140503,0.9838913083076477,0.9691518545150757,0.9831278920173645,0.9821999669075012,0.9855446815490723,0.9864823222160339,0.9837098121643066,0.9848990440368652,3.5593719482421875,4.051331520080566,3.7259681224823,3.288630247116089,3.58525013923645,3.795994520187378,3.8181374073028564,3.6219635009765625,3.749157428741455,3.885497570037842,3.693561553955078,3.8239197731018066,3.460167646408081,3.557356595993042,3.531280517578125,4.13023567199707,3.527371883392334,3.5770790576934814,3.7371699810028076,3.6510627269744873,2.956753969192505
5,[N:1]#[C:1]c3c(N2CCC(c1ccccc1)CC2)ccn4c(C[C:1]([F:1])([F:1])[F:1])nnc34,N#Cc1c(N2CCC(c3ccccc3)CC2)ccn2c(CC(F)(F)F)nnc12,c1ccc(C2CCN(c3ccn4c(C[CH3:1])nnc4c3[CH3:1])CC2)cc1,c1ccc(C2CCN(c3ccn4c(C[F:1])nnc4c3[C:1]([F:1])([F:1])[F:1])CC2)cc1,c1ccc(C2CCN(c3ccn4c(C[CH3:1])nnc4c3[C:1](=[O:1])[O:1][CH3:1])CC2)cc1,c1ccc(C2CCN(c3ccn4c(C[CH3:1])nnc4c3[CH2:1][CH3:1])CC2)cc1,c1ccc(C2CCN(c3ccn4c(C[F:1])nnc4c3[C:1]([CH3:1])([CH3:1])[CH3:1])CC2)cc1,c1ccc(C2CCN(c3ccn4c(C[c:1]5[cH:1][cH:1][cH:1][cH:1][cH:1]5)nnc4c3[CH3:1])CC2)cc1,c1ccc(C2CCN(c3ccn4c(C[c:1]5[n:1][c:1]([CH3:1])[n:1][o:1]5)nnc4c3[F:1])CC2)cc1,c1ccc(C2CCN(c3ccn4c(C[OH:1])nnc4c3[CH:1]=[CH2:1])CC2)cc1,c1ccc(C2CCN(c3ccn4c(C[C:1]([F:1])([F:1])[F:1])nnc4c3[OH:1])CC2)cc1,c1ccc(C2CCN(c3ccn4c(C[O:1][CH3:1])nnc4c3[C:1](=[O:1])[O:1][CH3:1])CC2)cc1,c1ccc(C2CCN(c3ccn4c(C[OH:1])nnc4c3[CH2:1][CH3:1])CC2)cc1,c1ccc(C2CCN(c3ccn4c(C[CH:1]5[CH2:1][CH2:1]5)nnc4c3[C:1]([F:1])([F:1])[F:1])CC2)cc1,c1ccc(C2CCN(c3ccn4c(C[CH3:1])nnc4c3[C:1]([CH3:1])=[O:1])CC2)cc1,c1ccc(C2CCN(c3ccn4c(C[c:1]5[cH:1][cH:1][cH:1][cH:1][cH:1]5)nnc4c3[NH2:1])CC2)cc1,c1ccc(C2CCN(c3ccn4c(C[CH3:1])nnc4c3[O:1][CH3:1])CC2)cc1,c1ccc(C2CCN(c3ccn4c(C[OH:1])nnc4c3[CH3:1])CC2)cc1,c1ccc(C2CCN(c3ccn4c(C[Cl:1])nnc4c3[OH:1])CC2)cc1,c1ccc(C2CCN(c3ccn4c(C[CH:1]5[CH2:1][CH2:1]5)nnc4c3[F:1])CC2)cc1,c1ccc(C2CCN(c3ccn4c(C[OH:1])nnc4c3[C:1](=[O:1])[O:1][CH3:1])CC2)cc1,c1ccc(C2CCN(c3ccn4c(C[C:1]#[N:1])nnc4c3[C:1](=[O:1])[N:1]([CH3:1])[CH3:1])CC2)cc1,test,BBBP,c1ccc(C2CCN(c3ccn4c(C[*:2])nnc4c3[*:1])CC2)cc1,-4.957008361816406,-3.9735770225524902,-4.887106895446777,-4.090804100036621,-4.426661968231201,-4.869807243347168,-4.903222560882568,-3.847618818283081,-3.5020060539245605,-3.797098159790039,-3.6876277923583984,-3.3847126960754395,-5.278789043426514,-3.7327160835266113,-4.270864009857178,-3.694547176361084,-2.8881640434265137,-3.411611557006836,-4.832253932952881,-3.3775970935821533,-3.768234968185425,0.4050685465335846,0.4094504415988922,0.28760620951652527,0.19965212047100067,0.4169680178165436,0.25012412667274475,0.23480474948883057,0.13849589228630066,0.2630722224712372,0.27390968799591064,0.10045768320560455,0.3255710005760193,0.19393961131572723,0.4048368036746979,0.48079490661621094,0.29935285449028015,0.25849416851997375,0.6857179403305054,0.27067869901657104,0.11441762745380402,0.4112548828125,0.6849439740180969,0.7020196318626404,0.5787924528121948,0.5967613458633423,0.7998232245445251,0.7687547206878662,0.8733841776847839,0.4159279465675354,0.4390393793582916,0.40456423163414,0.4285568594932556,0.4083365797996521,0.8376936912536621,0.5407564043998718,0.6948267221450806,0.8047377467155457,0.29033249616622925,0.5187973380088806,0.8136724233627319,0.17996805906295776,0.19543178379535675,0.9835578203201294,0.9667560458183289,0.9854187965393066,0.9773361086845398,0.9567878842353821,0.9713091850280762,0.9312540292739868,0.9306400418281555,0.8282192349433899,0.9498676061630249,0.9802352786064148,0.8209614753723145,0.9854110479354858,0.954646110534668,0.9193884134292603,0.9684650301933289,0.845809817314148,0.7828329205513,0.9837913513183594,0.8258096575737,0.9831749200820923,3.5593719482421875,3.6738314628601074,3.7135329246520996,3.3068649768829346,3.8277359008789062,4.002375602722168,3.9661641120910645,2.781834602355957,2.9327025413513184,3.288630247116089,2.946282148361206,3.4230034351348877,4.01133394241333,3.178360939025879,3.6787707805633545,3.33899188041687,3.081632614135742,2.7573349475860596,3.83713960647583,2.4786229133605957,2.028717517852783
6,[N:1]#[C:1]c3c(N2CCC(c1ccccc1)CC2)ccn4c(C[C:1]([F:1])([F:1])[F:1])nnc34,N#Cc1c(N2CCC(c3ccccc3)CC2)ccn2c(CC(F)(F)F)nnc12,c1ccc(C2CCN(c3ccn4c(C[c:1]5[cH:1][cH:1][cH:1][cH:1][cH:1]5)nnc4c3-[c:1]3[cH:1][cH:1][cH:1][cH:1][cH:1]3)CC2)cc1,c1ccc(C2CCN(c3ccn4c(C[c:1]5[cH:1][cH:1][cH:1][cH:1][cH:1]5)nnc4c3[CH3:1])CC2)cc1,c1ccc(C2CCN(c3ccn4c(C[CH3:1])nnc4c3[C:1]([CH3:1])([CH3:1])[CH3:1])CC2)cc1,c1ccc(C2CCN(c3ccn4c(C[F:1])nnc4c3[C:1]([CH3:1])([CH3:1])[CH3:1])CC2)cc1,c1ccc(C2CCN(c3ccn4c(C[C:1]([F:1])([F:1])[F:1])nnc4c3[C:1]([F:1])([F:1])[F:1])CC2)cc1,c1ccc(C2CCN(c3ccn4c(C[C:1]([F:1])([F:1])[F:1])nnc4c3[C:1]([CH3:1])([CH3:1])[CH3:1])CC2)cc1,c1ccc(C2CCN(c3ccn4c(C[CH3:1])nnc4c3[CH3:1])CC2)cc1,c1ccc(C2CCN(c3ccn4c(C[CH:1]5[CH2:1][CH2:1]5)nnc4c3[C:1]([F:1])([F:1])[F:1])CC2)cc1,c1ccc(C2CCN(c3ccn4c(C[C:1]([F:1])([F:1])[F:1])nnc4c3[CH3:1])CC2)cc1,c1ccc(C2CCN(c3ccn4c(C[F:1])nnc4c3[C:1]([F:1])([F:1])[F:1])CC2)cc1,c1ccc(C2CCN(c3ccn4c(C[CH3:1])nnc4c3[O:1][CH3:1])CC2)cc1,c1ccc(C2CCN(c3ccn4c(C[C:1]([F:1])([F:1])[F:1])nnc4c3[O:1][CH3:1])CC2)cc1,c1ccc(C2CCN(c3ccn4c(C[c:1]5[cH:1][cH:1][cH:1][cH:1][c:1]5[Cl:1])nnc4c3[CH3:1])CC2)cc1,c1ccc(C2CCN(c3ccn4c(C[CH:1]5[CH2:1][CH2:1]5)nnc4c3[Br:1])CC2)cc1,c1ccc(C2CCN(c3ccn4c(C[OH:1])nnc4c3[O:1][CH2:1][CH3:1])CC2)cc1,c1ccc(C2CCN(c3ccn4c(C[OH:1])nnc4c3[C:1](=[O:1])[O:1][CH3:1])CC2)cc1,c1ccc(C2CCN(c3ccn4c(C[CH3:1])nnc4c3[O:1][CH2:1][CH3:1])CC2)cc1,c1ccc(C2CCN(c3ccn4c(C[CH3:1])nnc4c3[CH2:1][CH3:1])CC2)cc1,c1ccc(C2CCN(c3ccn4c(C[c:1]5[cH:1][cH:1][cH:1][cH:1][cH:1]5)nnc4c3[S:1][CH3:1])CC2)cc1,c1ccc(C2CCN(c3ccn4c(C[C:1]([F:1])([F:1])[F:1])nnc4c3[S:1][CH3:1])CC2)cc1,test,BBBP lipop,c1ccc(C2CCN(c3ccn4c(C[*:2])nnc4c3[*:1])CC2)cc1,-4.957008361816406,-6.237905502319336,-4.903222560882568,-4.961047649383545,-4.869807243347168,-5.378241539001465,-5.432897090911865,-3.9735770225524902,-5.278789043426514,-4.716375350952148,-4.887106895446777,-3.694547176361084,-4.497729778289795,-5.6076765060424805,-5.116698741912842,-3.3353214263916016,-3.3775970935821533,-4.181652545928955,-4.426661968231201,-5.39219331741333,-5.170640468597412,0.4050685465335846,0.1508193463087082,0.23480474948883057,0.1621507704257965,0.25012412667274475,0.07766503095626831,0.07743396610021591,0.4094504415988922,0.19393961131572723,0.1791437566280365,0.28760620951652527,0.29935285449028015,0.23730580508708954,0.19456550478935242,0.2558993399143219,0.2869132459163666,0.11441762745380402,0.31877732276916504,0.4169680178165436,0.2618282735347748,0.19892092049121857,0.6849439740180969,0.9176319241523743,0.8733841776847839,0.8408056497573853,0.7687547206878662,0.5009700655937195,0.6933712363243103,0.7020196318626404,0.8376936912536621,0.6259745955467224,0.5787924528121948,0.8047377467155457,0.7334854006767273,0.8659055829048157,0.8558124303817749,0.4073219299316406,0.17996805906295776,0.8444981575012207,0.7998232245445251,0.8886815905570984,0.7239319086074829,0.9835578203201294,0.929766833782196,0.9312540292739868,0.9427353739738464,0.9713091850280762,0.9835527539253235,0.9803072214126587,0.9667560458183289,0.9854110479354858,0.9839935302734375,0.9854187965393066,0.9684650301933289,0.9849273562431335,0.9642952680587769,0.9840421676635742,0.8511379957199097,0.8258096575737,0.9632161259651184,0.9567878842353821,0.951788604259491,0.984950065612793,3.5593719482421875,4.1568803787231445,3.9661641120910645,4.14829158782959,4.002375602722168,4.051331520080566,4.129324436187744,3.6738314628601074,4.01133394241333,3.795994281768799,3.7135329246520996,3.33899188041687,3.58525013923645,3.914228916168213,3.93786883354187,3.0232434272766113,2.4786229133605957,3.6088223457336426,3.8277359008789062,4.091914176940918,3.8982644081115723
7,COc3cc(OC)cc(C(=O)NNC(=O)[NH:1]c1cccc2ccccc12)c3,COc1cc(OC)cc(C(=O)NNC(=O)Nc2cccc3ccccc23)c1,COc1cc(OC)cc(C(=O)NNC(=O)[C:1](c2cccc3ccccc23)=[O:1])c1,COc1cc(OC)cc(C(=O)NNC(=O)[CH2:1][CH2:1]c2cccc3ccccc23)c1,COc1cc(OC)cc(C(=O)NNC(=O)[O:1]c2cccc3ccccc23)c1,COc1cc(OC)cc(C(=O)NNC(=O)[CH2:1][CH2:1][CH2:1]c2cccc3ccccc23)c1,COc1cc(OC)cc(C(=O)NNC(=O)[CH2:1]c2cccc3ccccc23)c1,COc1cc(OC)cc(C(=O)NNC(=O)[CH2:1][C:1](c2cccc3ccccc23)=[O:1])c1,COc1cc(OC)cc(C(=O)NNC(=O)[CH:1]2[CH2:1][CH2:1][CH2:1][N:1]2c2cccc3ccccc23)c1,COc1cc(OC)cc(C(=O)NNC(=O)[S:1]c2cccc3ccccc23)c1,COc1cc(OC)cc(C(=O)NNC(=O)[N:1](c2cccc3ccccc23)[CH3:1])c1,COc1cc(OC)cc(C(=O)NNC(=O)[CH2:1][CH:1]([OH:1])[CH2:1]c2cccc3ccccc23)c1,COc1cc(OC)cc(C(=O)NNC(=O)[NH:1][C:1](c2cccc3ccccc23)=[O:1])c1,COc1cc(OC)cc(C(=O)NNC(=O)[CH:1]2[CH2:1][CH:1]2c2cccc3ccccc23)c1,COc1cc(OC)cc(C(=O)NNC(=O)[CH2:1][CH:1](c2cccc3ccccc23)[CH3:1])c1,COc1cc(OC)cc(C(=O)NNC(=O)[CH2:1][CH2:1][CH2:1][CH2:1]c2cccc3ccccc23)c1,COc1cc(OC)cc(C(=O)NNC(=O)[CH2:1][CH2:1][C:1](c2cccc3ccccc23)=[O:1])c1,COc1cc(OC)cc(C(=O)NNC(=O)[CH:1](c2cccc3ccccc23)[CH3:1])c1,COc1cc(OC)cc(C(=O)NNC(=O)[NH:1][CH2:1]c2cccc3ccccc23)c1,COc1cc(OC)cc(C(=O)NNC(=O)[CH2:1][CH2:1][NH:1]c2cccc3ccccc23)c1,COc1cc(OC)cc(C(=O)NNC(=O)[N+:1](c2cccc3ccccc23)([CH3:1])[CH3:1])c1,COc1cc(OC)cc(C(=O)NNC(=O)[CH2:1][CH2:1][S:1]c2cccc3ccccc23)c1,test,BBBP,c1ccc2c([*:2])cccc2c1.COc1cc(OC)cc(C(=O)NNC(=O)[*:1])c1,-5.3354597091674805,-5.4037885665893555,-5.164639949798584,-5.519726276397705,-5.334500789642334,-4.859158992767334,-4.457562446594238,-5.189905166625977,-5.6926445960998535,-5.364760398864746,-4.124598979949951,-5.314892292022705,-5.464066505432129,-5.302521705627441,-5.556256294250488,-4.641697406768799,-5.11656379699707,-5.293488502502441,-4.636843681335449,-5.103209018707275,-5.588490962982178,0.5027807950973511,0.36693376302719116,0.40648603439331055,0.578560471534729,0.4146699905395508,0.43662333488464355,0.2677631378173828,0.3518339991569519,0.5097325444221497,0.3629038333892822,0.4097364544868469,0.45633062720298767,0.5811083316802979,0.41465258598327637,0.41981029510498047,0.2566321790218353,0.4547246992588043,0.49725908041000366,0.39670389890670776,0.3280934691429138,0.4480821490287781,0.1305953711271286,0.36383384466171265,0.25836244225502014,0.37200430035591125,0.30178508162498474,0.20640389621257782,0.31272268295288086,0.6259801983833313,0.1430097073316574,0.3893887400627136,0.26079651713371277,0.2630220353603363,0.4205830991268158,0.2910264730453491,0.3638860583305359,0.3459204435348511,0.2685258984565735,0.21297013759613037,0.28306084871292114,0.10711143910884857,0.19574512541294098,0.680164098739624,0.8601581454277039,0.8851598501205444,0.8743312954902649,0.902596116065979,0.8568146824836731,0.8797287940979004,0.9654887914657593,0.8789865374565125,0.963525116443634,0.8418661952018738,0.8274916410446167,0.9568942785263062,0.8651971817016602,0.9147199392318726,0.9144585728645325,0.8410425186157227,0.675289511680603,0.7794498801231384,0.7086752653121948,0.9121915698051453,2.9608027935028076,2.651467800140381,2.751988410949707,2.9451231956481934,2.895289659500122,2.5296013355255127,2.174988031387329,2.7301769256591797,2.6784510612487793,2.738966464996338,1.9442451000213623,2.4978067874908447,2.945085287094116,3.0052108764648438,2.976472854614258,2.4376866817474365,2.7208964824676514,2.9091689586639404,2.3528761863708496,0.4148176312446594,2.9397361278533936
8,CC(C)S(=O)(=O)NC3Cc2ccc(c1cccc([NH:1]S(C)(=O)=O)c1)cc2C3,CC(C)S(=O)(=O)NC1Cc2ccc(-c3cccc(NS(C)(=O)=O)c3)cc2C1,CC(C)S(=O)(=O)NC1Cc2ccc(-c3cccc([C:1](S(C)(=O)=O)=[O:1])c3)cc2C1,CC(C)S(=O)(=O)NC1Cc2ccc(-c3cccc([CH2:1][CH2:1]S(C)(=O)=O)c3)cc2C1,CC(C)S(=O)(=O)NC1Cc2ccc(-c3cccc([O:1]S(C)(=O)=O)c3)cc2C1,CC(C)S(=O)(=O)NC1Cc2ccc(-c3cccc([CH2:1]S(C)(=O)=O)c3)cc2C1,CC(C)S(=O)(=O)NC1Cc2ccc(-c3cccc([N:1](S(C)(=O)=O)[CH3:1])c3)cc2C1,CC(C)S(=O)(=O)NC1Cc2ccc(-c3cccc([CH2:1][CH2:1][CH2:1]S(C)(=O)=O)c3)cc2C1,CC(C)S(=O)(=O)NC1Cc2ccc(-c3cccc([C:1](=[O:1])[CH2:1]S(C)(=O)=O)c3)cc2C1,CC(C)S(=O)(=O)NC1Cc2ccc(-c3cccc([S:1]S(C)(=O)=O)c3)cc2C1,CC(C)S(=O)(=O)NC1Cc2ccc(-c3cccc([CH:1]4[CH2:1][CH:1](S(C)(=O)=O)[CH2:1]4)c3)cc2C1,CC(C)S(=O)(=O)NC1Cc2ccc(-c3cccc([CH2:1][CH2:1][CH2:1][CH2:1]S(C)(=O)=O)c3)cc2C1,CC(C)S(=O)(=O)NC1Cc2ccc(-c3cccc([C:1](=[O:1])[CH:1]S(C)(=O)=O)c3)cc2C1,CC(C)S(=O)(=O)NC1Cc2ccc(-c3cccc([N:1](S(C)(=O)=O)[OH:1])c3)cc2C1,CC(C)S(=O)(=O)NC1Cc2ccc(-c3cccc([C@@H:1](S(C)(=O)=O)[CH2:1][CH3:1])c3)cc2C1,CC(C)S(=O)(=O)NC1Cc2ccc(-c3cccc([C@@H:1](S(C)(=O)=O)[CH2:1][OH:1])c3)cc2C1,CC(C)S(=O)(=O)NC1Cc2ccc(-c3cccc([C:1](=[O:1])[NH:1]S(C)(=O)=O)c3)cc2C1,CC(C)S(=O)(=O)NC1Cc2ccc(-c3cccc([CH2:1][NH:1]S(C)(=O)=O)c3)cc2C1,CC(C)S(=O)(=O)NC1Cc2ccc(-c3cccc([CH2:1][CH2:1][CH2:1][CH2:1][CH2:1]S(C)(=O)=O)c3)cc2C1,CC(C)S(=O)(=O)NC1Cc2ccc(-c3cccc([CH2:1][CH:1]([OH:1])[CH2:1]S(C)(=O)=O)c3)cc2C1,CC(C)S(=O)(=O)NC1Cc2ccc(-c3cccc([CH:1]([CH3:1])[CH:1]S(C)(=O)=O)c3)cc2C1,CC(C)S(=O)(=O)NC1Cc2ccc(-c3cccc([C@@H:1]([CH3:1])[CH2:1]S(C)(=O)=O)c3)cc2C1,test,BBBP,CC(C)S(=O)(=O)NC1Cc2ccc(-c3cccc([*:2])c3)cc2C1.CS(=O)(=O)[*:1],-3.9080309867858887,-3.913071870803833,-4.270946979522705,-4.000845909118652,-4.049006938934326,-3.935638904571533,-4.4369120597839355,-3.838918685913086,-4.168825626373291,-4.631913661956787,-4.623956680297852,-3.8284084796905518,-3.5799098014831543,-4.441072463989258,-3.825920581817627,-3.8550033569335938,-3.9887607097625732,-4.809059143066406,-3.7893967628479004,-4.402357578277588,-4.434528827667236,0.11891058832406998,0.17175951600074768,0.18513476848602295,0.19932284951210022,0.20696911215782166,0.21675758063793182,0.18190902471542358,0.23424403369426727,0.257571280002594,0.20657899975776672,0.1756426990032196,0.18419384956359863,0.3986179530620575,0.13122530281543732,0.12534502148628235,0.10922463983297348,0.20539255440235138,0.16885091364383698,0.1500576287508011,0.16197285056114197,0.15381279587745667,0.6129401922225952,0.23202574253082275,0.8362991213798523,0.514644980430603,0.6743142604827881,0.37492290139198303,0.888781726360321,0.24788227677345276,0.4996268153190613,0.5074828863143921,0.916450023651123,0.12085838615894318,0.3230750560760498,0.6550202369689941,0.26273101568222046,0.05912936478853226,0.6081432700157166,0.9383808970451355,0.697148859500885,0.5425670146942139,0.6861556172370911,0.7545288801193237,0.8713774681091309,0.9521430134773254,0.8531963229179382,0.9351905584335327,0.8884285688400269,0.9617783427238464,0.9417649507522583,0.9102649688720703,0.957176685333252,0.9682008624076843,0.8921318054199219,0.645332932472229,0.9496985673904419,0.8381328582763672,0.7873908281326294,0.8408887982368469,0.9718914031982422,0.862777829170227,0.9063695073127747,0.9232452511787415,2.334934711456299,2.0757861137390137,2.89170503616333,2.687039852142334,2.758563756942749,2.602672576904297,2.9956188201904297,2.341667413711548,3.0980639457702637,3.362151622772217,3.073178768157959,2.2264676094055176,1.7843177318572998,3.1504313945770264,2.2757210731506348,0.3761066794395447,2.345972776412964,3.130697727203369,2.1881070137023926,3.0681519508361816,3.14056134223938
